trial,N_bits,success,factor_found,time_seconds,timestamp
1,199,False,,0.007,2025-10-23T16:41:42.578183
2,199,False,,0.007,2025-10-23T16:41:42.586066
3,199,False,,0.007,2025-10-23T16:41:42.593773
4,199,False,,0.007,2025-10-23T16:41:42.601601
5,199,False,,0.007,2025-10-23T16:41:42.609556
6,199,False,,0.007,2025-10-23T16:41:42.617549
7,199,False,,0.007,2025-10-23T16:41:42.625783
8,199,False,,0.007,2025-10-23T16:41:42.633246
9,199,False,,0.007,2025-10-23T16:41:42.640716
10,199,False,,0.007,2025-10-23T16:41:42.648254
